Construct_Name,Paper_Count
Organizational behavior,1586
Job satisfaction,1238
Organizational commitment,1113
Job performance,884
Human resource management,836
Perception,575
Personality,569
Mental health,522
Organizational culture,519
Occupational stress,466
Job design,433
Cognition,415
Organization development,414
Burnout,381
Psychological intervention,374
Employee engagement,357
Consulting psychology,327
Public health,324
Human resources,323
Positive psychology,313
Job attitude,307
Work engagement,300
Organizational citizenship behavior,298
Health psychology,289
Organisation climate,264
Organizational learning,260
Big Five personality traits,258
Organizational studies,251
Psychometrics,240
Organizational performance,238
Perceived organizational support,220
Organizational justice,210
Interpersonal communication,199
Stressor,186
Mediation,186
Personnel psychology,185
Service (business),184
Organizational change,183
Employee motivation,181
Human factors and ergonomics,178
Psychological contract,177
Psychological safety,175
Proactivity,171
Psychosocial,170
Critical psychology,170
Career development,169
Organizational behavior and human resources,169
Leadership style,166
Coping (psychology),166
Workforce,163
Productivity,163
Supervisor,162
Work motivation,156
Work environment,153
Social support,147
Affective events theory,146
Situational ethics,142
Work behavior,140
Population,140
Sport psychology,139
Industrial relations,137
Personnel selection,135
Transformational leadership,129
Turnover,126
Organizational structure,126
Emotional exhaustion,125
Teamwork,124
Well-being,124
Organizational identification,122
Psychological resilience,122
Autonomy,121
Economic Justice,119
Leadership studies,119
Association (psychology),111
Organizational effectiveness,110
Workload,110
Nomological network,109
Interpersonal relationship,109
Conscientiousness,107
PsycINFO,106
Creativity,106
Coaching,103
Extraversion and introversion,102
Feeling,101
Team effectiveness,100
Contextual performance,98
Social identity theory,96
Moderated mediation,96
Occupational burnout,96
Performance appraisal,94
Emotional intelligence,93
Phenomenon,93
Conceptualization,92
Professional psychology,91
Cultural diversity,89
Anxiety,89
Multiculturalism,87
Qualitative property,87
Job stress,87
Job characteristic theory,87
Attribution,86
Citation,85
Scopus,85
Ethnic group,82
Community psychology,82
Self-determination theory,82
Sustainability,81
Mindfulness,80
Absenteeism,79
Shared leadership,76
Organizational architecture,76
Scholarship,75
Core self-evaluations,72
Organizational behavior management,72
Focus group,71
Professional development,70
Employee morale,70
Socialization,69
Grounded theory,68
Empowerment,67
Information technology,67
Narrative,67
Job enrichment,67
Self-efficacy,67
Transactional leadership,66
Procedural justice,66
Extant taxon,65
Positive psychological capital,64
Incentive,64
Team composition,64
Life satisfaction,63
Public sector,62
Negotiation,62
Hierarchy,61
Role conflict,60
Openness to experience,60
Gene,60
Social cognitive theory,60
Happiness,59
Citizenship,58
Social group,57
Work performance,57
Conservation of resources theory,56
Cynicism,56
Counterproductive work behavior,56
Work stress,55
Training and development,55
Distress,55
Originality,55
Workplace bullying,55
Servant leadership,54
Competitive advantage,53
Personality psychology,53
Injustice,53
China,52
CLARITY,51
Organizational theory,51
Business ethics,50
Social work,50
Rehabilitation,50
Line management,49
Normative,48
Curriculum,48
Disengagement theory,48
Compliance (psychology),48
Adaptability,47
Performance management,47
Trait,47
Unemployment,47
Job insecurity,46
Goal theory,46
Generalizability theory,46
Theory of planned behavior,46
Corporate social responsibility,46
Common-method variance,45
Distributive justice,45
Goal setting,44
Hospitality industry,44
Optimism,44
Work–life balance,43
Discipline,43
Automation,43
Knowledge sharing,42
Work–family conflict,42
Stress management,42
Human capital,41
Hospitality,41
Suicide prevention,41
Ideology,41
Conversation,41
Social capital,41
Maslow's hierarchy of needs,40
Anger,40
Employability,40
Employee resource groups,39
Turnover intention,39
Sensemaking,39
Internal consistency,39
Turkish,39
Social relation,39
Interview,39
Prosocial behavior,38
Intrinsic motivation,38
Constructive,38
Business management,38
Strengths and weaknesses,37
Experiential learning,37
Conflict management,37
Multidisciplinary approach,37
Best practice,37
Emotional labor,37
Individualism,37
Legal psychology,37
Job strain,37
Athletes,37
Agreeableness,37
Entrepreneurship,36
Salary,36
German,36
Compensation (psychology),36
Job security,36
Empathy,36
Bibliometrics,36
Positive relationship,35
Salient,35
Social loafing,35
Variables,35
Interactional justice,35
Psychological testing,35
Institution,35
Corporate governance,34
Harassment,34
Ambiguity,34
Industrial sociology,34
Leadership,34
Personality Assessment Inventory,34
Audit,34
Organizational safety,34
Development theory,34
Workgroup,33
Injury prevention,33
Abusive supervision,33
Psychological Theory,33
Preference,33
Asian psychology,33
Personal development,32
Ostracism,32
Social perception,32
Working group,32
Racism,32
Tertiary sector of the economy,32
Goal orientation,32
Organizational communication,32
Social environment,31
Safety culture,31
Centrality,31
Categorization,31
Locus of control,30
Psychological distress,30
Ethical leadership,30
Social cognition,30
Forensic psychology,30
Collectivism,30
The arts,30
Work experience,30
Consciousness,29
Expectancy theory,29
Social comparison theory,29
Situation awareness,29
Internship,29
Management styles,29
Leadership development,29
Dysfunctional family,29
Facilitation,29
Tourism,28
Organizational identity,28
Incivility,28
Cognitive style,28
Cognitive reframing,28
Credibility,28
Conflict resolution,28
Cultural competence,28
Pace,27
Leadership theory,27
Cognitive bias,27
Group cohesiveness,27
Reciprocal,27
Job control,27
Workplace safety,27
Private sector,27
Hofstede's cultural dimensions theory,27
Public policy,26
Sustainable development,26
Refugee,26
Theoretical psychology,26
Graduate students,26
Impression management,26
Premise,26
Facet (psychology),25
Telecommuting,25
Globalization,25
Person–environment fit,25
Experimental psychology,25
Accountability,25
Snowball sampling,25
Cross-cultural,25
Specialty,24
Attractiveness,24
Typology,24
Measurement invariance,24
Flourishing,24
Professional association,24
Organizational conflict,24
Core competency,24
Big data,24
Popularity,24
Embeddedness,24
Mobbing,24
Human intelligence,23
Body of knowledge,23
Consumer behaviour,23
Cross-cultural psychology,23
Rating scale,23
QUIET,23
Machiavellianism,23
The Internet,23
Employee voice,23
Differential psychology,23
Interdependence,23
Bachelor,23
Cognitive ergonomics,23
Pandemic,23
Psychological well-being,23
Social responsibility,23
Aggression,23
Job embeddedness,23
Regulatory focus theory,22
Mindset,22
Publishing,22
Ethical code,22
Sport management,22
Information and Communications Technology,22
Cognitive Information Processing,22
Assessment center,21
Mood,21
Environmental psychology,21
Social media,21
Situational leadership theory,21
Questionnaire,21
Democracy,21
Employee Performance Appraisal,20
Critical appraisal,20
Aviation,20
Excellence,20
Alienation,20
Risk management,20
Performance measurement,20
Developing country,20
Harm,20
Presenteeism,20
Employee retention,20
Diversity management,20
Passion,20
Dyad,20
Humanism,20
Spirituality,20
Job shadow,19
Organizational dynamics,19
Workplace spirituality,19
Workplace violence,19
Big Five personality traits and culture,19
Subjective well-being,19
Wage,19
International psychology,19
Modalities,19
Restructuring,19
Reputation,19
Depersonalization,19
Sick leave,19
Technological change,19
Longitudinal study,19
Occupational therapy,19
Thriving,19
Appreciative inquiry,18
Followership,18
Obligation,18
Dehumanization,18
Loyalty,18
Digital transformation,18
Elite,18
Existentialism,18
Mainstream,18
Social influence,18
Strategic planning,18
Lived experience,18
Technostress,17
Seekers,17
Contingency,17
Public service motivation,17
Situated,17
Psychological stress,17
Conformity,17
Neglect,17
Cognitive appraisal,17
Institutionalisation,17
Work ethic,17
Strategic management,17
Christian ministry,17
Alliance,17
Neuroticism,17
Scientific literature,17
Status quo,17
Talent management,17
Evolutionary psychology,17
Mental illness,17
Macro,16
Welfare,16
Psychodynamics,16
Stakeholder,16
Equity theory,16
Servant,16
Strategic human resource planning,16
Accreditation,16
Human error,16
Social identity approach,16
Procrastination,16
Officer,16
Stratified sampling,16
Paradigm shift,16
Negative affectivity,15
Information processing,15
Behavior change,15
Hierarchical structure of the Big Five,15
Coping behavior,15
Certification,15
Transformative learning,15
Working environment,15
Intersectionality,15
Poverty,15
Generative grammar,15
Humanistic psychology,15
Spillover effect,15
Employee assistance,15
Socioeconomic status,15
Analytics,15
Indigenous,15
Cognitive evaluation theory,15
Narcissism,15
Replicate,15
Behaviour change,15
Gratitude,15
Honesty,15
Causation,15
Dark triad,14
Organization studies,14
Safety behaviors,14
Reflexivity,14
Workforce development,14
Superordinate goals,14
Counselling psychology,14
Aging in the American workforce,14
Help-seeking,14
Human resource policies,14
Manufacturing,14
Confusion,14
Helping behavior,14
Therapeutic relationship,14
Construal level theory,14
Sexual orientation,14
Stereotype threat,14
Explanatory power,14
Cognitive map,14
Self-esteem,14
Legislation,14
Public service,14
Working life,14
Personal life,14
Civil servants,14
Working hours,14
Need for achievement,14
Risk assessment,13
Likert scale,13
Optimal distinctiveness theory,13
Norm of reciprocity,13
Misconduct,13
League,13
Large sample,13
Individual psychology,13
Contingency theory,13
Internationalization,13
Staffing,13
Novelty,13
Attrition,13
Correlation,13
Silence,13
Gainful employment,13
Friendship,13
Employee development,13
Encyclopedia,13
Project management,13
Underpinning,13
Authentic leadership,13
Forgiveness,13
Team learning,13
Resource dependence theory,13
Social justice,13
Quality of working life,13
Active listening,12
Theory X and Theory Y,12
Traffic psychology,12
Islam,12
Materialism,12
Earnings,12
Special section,12
Neuroleadership,12
Deci-,12
Publication,12
Discursive psychology,12
Narrative review,12
Risk perception,12
Emotional distress,12
Depressive symptoms,12
Logistic regression,12
Need theory,12
Ambivalence,12
Job description,12
Item response theory,12
Vitality,12
Compassion,12
Service quality,12
Shift work,12
Nonprobability sampling,12
Viewpoints,12
Motivation theory,12
Mediator,12
Safety climate,12
Applications of artificial intelligence,12
Group dynamic,12
Bureaucracy,12
Moral disengagement,12
Documentation,12
Demographics,12
Longitudinal data,12
Unpacking,12
Temporary work,11
Heuristic,11
Editorial board,11
Citizen journalism,11
Behavior management,11
Customer satisfaction,11
Preparedness,11
Disadvantaged,11
Task force,11
Mentorship,11
Convention,11
Trustworthiness,11
Predictive power,11
Aptitude,11
Lean manufacturing,11
Ethical issues,11
Organizational field,11
Latent variable,11
Virtual reality,11
Licensure,11
Assertiveness,11
Impression formation,11
Linear regression,11
Continuance,11
Teaching method,11
IBM,11
Great Rift,11
Diversity training,11
Cooperative learning,11
Personal construct theory,11
Significant difference,11
Confidentiality,11
Delegation,11
Overtime,10
Standardization,10
Crisis management,10
Management development,10
Motivational interviewing,10
Cognitive dissonance,10
Coal mining,10
Benchmarking,10
Workplace learning,10
Onboarding,10
Human sexuality,10
Vignette,10
Respondent,10
Family life,10
Duty,10
Robot,10
Skepticism,10
Globe,10
Marital status,10
Cultural values,10
Prestige,10
Usability,10
Authoritarianism,10
Activity theory,10
Life course approach,10
Statistical hypothesis testing,10
Wrongdoing,10
Psychometric testing,10
Insider,10
Social relationship,10
Emerging technologies,10
Compassion fatigue,10
Job rotation,10
Psychopathy,10
Fundamental human needs,10
Precarity,10
Cognitive load,10
Mythology,10
Recall,10
Everyday life,10
Cultural psychology,10
Social learning theory,10
Morality,10
Knowledge worker,10
Meditation,10
Executive summary,9
Metatheory,9
Blame,9
Structuring,9
Information overload,9
Team Role Inventories,9
Cultural intelligence,9
Capitalism,9
Human relations,9
Pessimism,9
Casual,9
Dynamic capabilities,9
Mainland China,9
Social change,9
Autism,9
Public engagement,9
Clinical supervision,9
Critical Incident Technique,9
Political psychology,9
Customer engagement,9
Neurology,9
Information sharing,9
Physical activity,9
Middle management,9
Enforcement,9
Acquiescence,9
Loneliness,9
Ambidexterity,9
"Id, ego and super-ego",9
Human services,9
Strategic leadership,9
General partnership,9
Clinical Practice,9
Service provider,9
Normalization (sociology),9
Learning theory,9
Business Review,9
Metacognition,9
Craft,9
Unintended consequences,9
Family conflict,9
Perspective-taking,9
Seniority,9
Personality test,9
Scientific management,9
Checklist,9
Embodied cognition,9
Hogan,9
Effective safety training,9
Intrapersonal communication,9
Distributive property,8
Financial crisis,8
Compendium,8
Civil service,8
Criminal justice,8
Buddhism,8
Unconscious mind,8
Cognitive dimensions of notations,8
Grey literature,8
Attachment theory,8
Cronbach's alpha,8
Repertory grid,8
Academic achievement,8
Occupational prestige,8
Prosperity,8
Industry 4.0,8
Portfolio,8
Bubble,8
Retraining,8
Nomothetic and idiographic,8
Industrial management,8
Minnesota Multiphasic Personality Inventory,8
Dignity,8
Coal,8
Work safety,8
Organisational change,8
Traumatic stress,8
Disposition,8
Professional ethics,8
Drug,8
Sense of agency,8
Simple random sample,8
Attraction,8
Personality theory,8
Ask price,8
Referral,8
Ontology,8
Cadet,8
Dialectic,8
Limiting,8
Appeal,8
Terrorism,8
Metropolitan area,8
Football,8
Maximum bubble pressure method,8
Workflow,8
Subconscious,8
Project team,8
Grit,8
Blueprint,8
Call to action,8
Social Welfare,8
Dilemma,8
Czech,8
Intuition,8
Family therapy,8
Information processing theory,8
Human rights,8
Romanian,8
Economic shortage,8
Social exclusion,8
World War II,8
Compromise,8
Underemployment,8
Protestant work ethic,8
Positive affectivity,8
Anchoring,8
Occupational injury,8
16PF Questionnaire,8
Cohort,8
Precarious work,7
Customer service,7
Narrative inquiry,7
Soft skills,7
Moral responsibility,7
Dishonesty,7
Human multitasking,7
Team development,7
Panel data,7
Principal–agent problem,7
Religiosity,7
Referent,7
Frontier,7
Identity management,7
Psychophysiology,7
Fuzzy set,7
Occupational hygiene,7
International business,7
Multitude,7
Financial services,7
Subject-matter expert,7
Program evaluation,7
Portuguese,7
Parallels,7
Learning organization,7
Bibliographic coupling,7
Cognitive skill,7
Formative assessment,7
Individual capital,7
Comparability,7
Transactive memory,7
Expatriate,7
Charisma,7
Positive correlation,7
Indonesian,7
Complaint,7
Workforce diversity,7
Intercultural communication,7
Employment discrimination,7
Transcendental number,7
Relational frame theory,7
Legitimacy,7
Vigilance (psychology),7
Acceptance and commitment therapy,7
Division of labour,7
Crisis intervention,7
Decision theory,7
Microfoundations,7
Pay for performance,7
Life style,7
Oppression,7
Work time,7
Digital Revolution,7
Pleasure,7
Cognitive resource theory,7
Open learning,7
SAGE,7
Motivated reasoning,7
Fuzzy logic,7
Subjectivism,7
Human–robot interaction,7
Ordinary least squares,7
Robotics,7
Judgement,7
Conflation,7
Trait theory,7
Full-time,7
Fidelity,7
Reinforcement,7
Proposition,7
Context effect,7
Debriefing,7
Ukrainian,7
Life span,7
Action learning,6
Damages,6
Business environment,6
Milestone,6
Goal pursuit,6
Ethnography,6
Human trafficking,6
Adlerian,6
Round table,6
Domestic violence,6
Citation index,6
Collaborative learning,6
Facilitator,6
Generalization,6
Latin Americans,6
Moral reasoning,6
Gender identity,6
Group work,6
Pregnancy,6
Sample size determination,6
Inter-rater reliability,6
Relational theory,6
Chen,6
Virtue,6
Self-perception theory,6
Metaphor,6
Physical attractiveness,6
Distraction,6
Social constructionism,6
Neuropsychology,6
Gender role,6
Virtual team,6
Scarcity,6
Cultural issues,6
Validation test,6
Vietnamese,6
Norwegian,6
Automotive industry,6
Normality,6
Sociology of scientific knowledge,6
Emotional contagion,6
Culture change,6
Commission,6
Positivism,6
Burnout syndrome,6
Critical theory,6
Connotation,6
Employment contract,6
Outreach,6
Contextualization,6
Criminal psychology,6
Workforce planning,6
Cheating,6
Praxis,6
Shame,6
Job loss,6
Effects of sleep deprivation on cognitive performance,6
Estimation,6
Generality,6
Type A and Type B personality theory,6
Heuristics,6
Information technology management,6
Self,6
Information technology consulting,6
Hospitality management studies,6
Distrust,6
Ninth,6
Behaviorism,6
Representativeness heuristic,6
Weighting,6
Air traffic control,6
Mental fatigue,6
New public management,6
Internal audit,6
Sophistication,6
Psychological adaptation,6
Odds,6
Social issues,6
Mental state,6
Senior management,6
Timeline,6
Career management,6
Moral obligation,6
2019-20 coronavirus outbreak,6
Public organization,6
Expansive,6
Emotional support,6
Transfer of training,6
Communism,6
Chronic fatigue syndrome,6
Practicum,6
Juvenile delinquency,6
Common ground,6
General strain theory,6
Elementary cognitive task,6
Social dynamics,6
Terminology,6
Social sustainability,6
Job market,6
Nudge theory,6
Employee empowerment,6
Literacy,6
Identity formation,6
Construals,6
Inequality,6
Dismissal,6
Peer support,6
Obedience,5
Job evaluation,5
Self-control,5
Family support,5
Thematic map,5
Family Leave,5
Team management,5
Team sport,5
Personal identity,5
Self-concept,5
Balanced scorecard,5
Gender diversity,5
Affordance,5
Closeness,5
Compressive strength,5
Nonverbal communication,5
Culturally sensitive,5
Open innovation,5
Sexual behavior,5
Solidarity,5
Capability approach,5
Longitudinal field,5
Relocation,5
Warrant,5
Information security,5
Prospect theory,5
Obesity,5
Subjectivity,5
Probabilistic logic,5
Information ethics,5
Civil servant,5
Covert,5
Leader development,5
Work hours,5
Collective identity,5
Partial least squares regression,5
Charismatic authority,5
Adult development,5
Intervening variable,5
Distancing,5
Offensive,5
Office workers,5
Outsourcing,5
Ingroups and outgroups,5
Emotion work,5
Executive committee,5
New Ventures,5
Predictive analytics,5
Punishment (psychology),5
Illusion,5
Elite athletes,5
Psychological abuse,5
Cognitive architecture,5
Profitability index,5
Macro level,5
Post hoc,5
Notice,5
Peer group,5
Team leader,5
Employee benefits,5
Hacker,5
Transgender,5
Construction industry,5
Regression,5
Clothing,5
Time management,5
Psyche,5
Persuasion,5
Management training,5
Mental toughness,5
Family-friendly,5
Discretion,5
Biography,5
Management process,5
Physiological psychology,5
Aviation accident,5
Triad (sociology),5
Information management,5
Boredom,5
Management theory,5
Cultural identity,5
Attendance,5
Counterintuitive,5
Socially distributed cognition,5
Sustainability organizations,5
Road transport,5
Volunteer work,5
Sociocultural evolution,5
Experience sampling method,5
LISREL,5
Delphi method,5
Social information processing,5
Belongingness,5
Evening,5
New product development,5
Cognitive test,5
Socio-cognitive,5
Through-the-lens metering,5
Business communication,5
Debiasing,5
Theory of reasoned action,5
Cognitive interview,5
Impression,5
Compensation of employees,5
Learned helplessness,5
Customer orientation,5
Social policy,5
Purchasing,5
Glossary,5
SWORD,5
Self-compassion,5
Unexpected events,5
Postmodernism,5
Psychic,5
Outbreak,5
Age discrimination,5
Plea,5
Interpretability,5
Normative social influence,5
Just-world hypothesis,5
Medical psychology,5
Stepwise regression,4
Epidemiology,4
Visualization,4
Mental stress,4
Uncertainty avoidance,4
Negativity effect,4
Nature versus nurture,4
Team building,4
Scrum,4
Nationality,4
Soviet union,4
Need for cognition,4
Big business,4
Addiction,4
Prioritization,4
Group decision-making,4
Civility,4
Quality audit,4
Career planning,4
Accident investigation,4
Closure (psychology),4
Informed consent,4
Vocational rehabilitation,4
Service worker,4
Interdisciplinarity,4
Positive attitude,4
Intersubjectivity,4
Egalitarianism,4
Behavioral pattern,4
Minority group,4
Scalability,4
Stimulus (psychology),4
Knowledge economy,4
Informatics,4
Sexual abuse,4
Intellectual capital,4
Human welfare,4
Abnormality,4
Participant observation,4
Use of force,4
Miller,4
Executive board,4
Financial capital,4
Self-report study,4
Self-disclosure,4
Corporate sustainability,4
Ethical values,4
Quality management,4
Structural approach,4
Industrialisation,4
Contentment,4
Career Pathways,4
Greenwashing,4
Ethical decision,4
Countertransference,4
Economic capital,4
Career portfolio,4
Backlash,4
Abusive relationship,4
Trainer,4
Small business,4
Danish,4
Decision process,4
Architecture,4
Triangulation,4
Hazard,4
Working time,4
Cornerstone,4
Unrest,4
Peacekeeping,4
Consumption (sociology),4
Pearson product-moment correlation coefficient,4
Alcohol,4
Learning styles,4
Gestalt psychology,4
Enthusiasm,4
Occupational exposure,4
Job dissatisfaction,4
Business intelligence,4
Mental distress,4
Innovation management,4
Task group,4
OPM3,4
Climbing,4
Chinese culture,4
Tanzania,4
Comprehension,4
Occupational training,4
Organizational ethics,4
Job interview,4
Temperament,4
Middle East,4
Associate editor,4
Social organization,4
Perceived control,4
Legislature,4
Social intelligence,4
Social learning,4
Audience measurement,4
Balance theory,4
Multidimensional scaling,4
Witness,4
Meritocracy,4
Generativity,4
Informal organization,4
Mentally retarded,4
Dream,4
Symbolic interactionism,4
Liability,4
Subjectification,4
White paper,4
Vision,4
Executive compensation,4
Gender bias,4
Working memory,4
Kenya,4
Relative deprivation,4
Delegate,4
Gibbs isotherm,4
Pulmonary surfactant,4
Curse of dimensionality,4
Spouse,4
Cross-sectional study,4
Disadvantage,4
Download,4
Sincerity,4
Pride,4
Masculinity,4
Artificial neural network,4
Attribution bias,4
Helpfulness,4
Professionalization,4
Malleability,4
Paid work,4
Social injustice,4
Crisis response,4
Unitary state,4
Nothing,4
Participatory management,4
Ignorance,4
Self-monitoring,4
Emotional expression,4
Storytelling,4
Asian americans,4
Social cognitive theory of morality,4
Humility,4
Safeguarding,4
Metaverse,4
Study abroad,4
Schedule,4
Recession,4
Mainland,4
Positive Youth Development,4
Decision maker,4
Boss,4
Disabled people,4
Scope of practice,4
Tacit knowledge,4
People of color,4
Tokenism,4
Analytic hierarchy process,4
Personality development,4
Luck,4
Substance abuse,4
Toll,4
Emotional competence,4
Lesbian,4
Personality type,4
Decision quality,4
Burn out,4
Hostility,4
Supported employment,4
Confounding,4
Character traits,4
Exploit,4
Statistic,4
Transfer of learning,4
Spurious relationship,4
Hierarchical organization,4
Authoritarian leadership style,4
Acknowledgement,4
Emerging markets,4
Diaspora,3
Inclusion–exclusion principle,3
In-group favoritism,3
Implicit personality theory,3
Level of measurement,3
Stress measures,3
Subject matter,3
Contradiction,3
CINAHL,3
Reputation management,3
Worry,3
Life insurance,3
Suite,3
Co-citation,3
Categorical variable,3
Modernization theory,3
Crossover,3
Sleep deprivation,3
Diabetes mellitus,3
Psychosocial support,3
Sleep disorder,3
Emotional regulation,3
Collaboratory,3
Scholarly communication,3
Credentialing,3
Gender equity,3
Disaster response,3
Virtual machine,3
Theory of change,3
Linear relationship,3
Truck,3
The Emotional Intelligence Appraisal,3
External auditor,3
Time perspective,3
Guanxi,3
Marital relationship,3
Workers' compensation,3
Relational view,3
Management by objectives,3
Amplifier,3
Task management,3
Hotel industry,3
Objectivism,3
Choice architecture,3
Moral development,3
Bystander effect,3
Work schedule,3
Strict constructionism,3
Sexual minority,3
Social distance,3
Courage,3
Biometrics,3
Accident-proneness,3
Office automation,3
European union,3
Differential item functioning,3
Peer review,3
Automaticity,3
Blank,3
Retention Management,3
Social needs,3
Consolidation (business),3
Counterpoint,3
Unification,3
Psychology of learning,3
Liberian dollar,3
Situationism,3
Social stress,3
Affirmative action,3
Self-assessment,3
Data breach,3
Knowledge transfer,3
Professional sport,3
Knight,3
Risk aversion (psychology),3
Impact factor,3
Relational contract,3
Technician,3
Bond,3
Financial management,3
Cross disciplinary,3
Labor contract,3
Predictability,3
Emotional stress,3
Criticism,3
Personal knowledge management,3
Petroleum industry,3
Griffin,3
Decision aids,3
Electronics,3
Train,3
State agency,3
Denial,3
Interim,3
Mental health service,3
Local government,3
Reading comprehension,3
Pareto principle,3
Engaged scholarship,3
Accommodation,3
Scientific discovery,3
Personalization,3
Family business,3
Crew,3
International comparisons,3
Psychoneuroimmunology,3
Cultural bias,3
Working population,3
Social worlds,3
USable,3
California Psychological Inventory,3
Prison,3
Glass ceiling,3
Introspection,3
Repressor,3
Transcription factor,3
Social phenomenon,3
Interpersonal interaction,3
Institutional logic,3
Eye tracking,3
Group process,3
Artificial general intelligence,3
Service-orientation,3
Designtheory,3
Femininity,3
Mental health care,3
sort,3
Explained variation,3
Total quality management,3
Circadian rhythm,3
Service recovery,3
Performance enhancement,3
Conflict theories,3
Realism,3
Human reliability,3
African american,3
Executive functions,3
Presidency,3
Applied ethics,3
Behavioural genetics,3
Mirroring,3
Card sorting,3
Partner effects,3
Relationship maintenance,3
Cash,3
Repertoire,3
Self-actualization,3
Pillar,3
Poverty reduction,3
Nuclear power plant,3
Cognitive behavioral therapy,3
Repeated measures design,3
Psychodrama,3
ICTS,3
Conviction,3
Career path,3
Global Leadership,3
Quality circle,3
Cross-cultural leadership,3
Cultural assimilation,3
Malingering,3
Boom,3
Empirical measure,3
Cognitive robotics,3
Primary care,3
Response bias,3
Mandate,3
Performance improvement,3
Cognitive reappraisal,3
Continuous training,3
Constructivist grounded theory,3
Reflective practice,3
Social connectedness,3
Imperfect,3
Erasmus+,3
Conceptual blending,3
Women of color,3
Human being,3
Virtuous circle and vicious circle,3
Basketball,3
New business development,3
Social facilitation,3
Excuse,3
Civil society,3
Divestment,3
Rumination,3
Occupational accident,3
Work Intensity,3
Sportsmanship,3
Influencer marketing,3
Lifelong learning,3
Wright,3
Happening,3
Occupational rehabilitation,3
Field theory (psychology),3
Investment decisions,3
Business continuity,3
Capital market,3
Suspect,3
Blue collar,3
Collar,3
Capital structure,3
Planned change,3
Criticality,3
Child abuse,3
Physical abuse,3
Nomothetic,3
Layoff,3
eHealth,3
Verbal abuse,3
Assertion,3
Intercultural relations,3
Social security,3
Social desirability,3
Crash,3
Bankruptcy,3
Ethnically diverse,3
Digital media,3
Professional communication,3
Doctoral dissertation,3
Paragraph,3
Knowledge acquisition,3
Stakeholder theory,3
Dance,3
Goodness of fit,3
Collective bargaining,3
Cognitive walkthrough,3
Guideline,3
Manufacturing sector,3
Scientific communication,3
Syllabus,3
Realm,3
Bolster,3
Relational capital,3
Hearing impaired,3
Mergers and acquisitions,3
Performativity,3
Near miss,3
Encryption,3
Informal learning,3
Appraisal theory,3
Criminal justice ethics,3
Ciphertext,3
Debt,3
Facial expression,3
Subsidiary,3
Dissent,3
Hearing loss,3
Scientometrics,3
Labor relations,3
User experience design,3
Negative emotion,3
Objectification,3
Immediacy,3
GRASP,3
Financial market,3
Certainty,3
Collective action,3
Personality disorders,3
Scrutiny,3
Gossip,3
Call centre,3
Coursework,3
Randomized controlled trial,3
Socialism,3
Interpreter,3
Emergency management,3
Positive deviance,3
Emergency response,3
Social constructivism,3
Critical security studies,3
Chief executive officer,3
Ontological security,3
Project management triangle,3
Axial coding,3
Colonialism,3
Sensation seeking,3
Spanish Civil War,3
Crowdsourcing,3
Payment,3
Intercultural competence,3
Demotion,3
Social isolation,3
Self reliance,3
Psychoanalytic theory,3
Participatory ergonomics,3
Semantic differential,3
Industrial Revolution,3
Dynamism,3
Psychology of self,3
Observational study,3
Expert opinion,3
Sex trafficking,3
Organizational capital,3
Succession planning,3
Performance indicator,2
Counterfactual thinking,2
Homogeneous,2
Evolutionary theory,2
Uniqueness,2
Wonder,2
Pejorative,2
Learning disability,2
Decision tree,2
Chose,2
Workaround,2
Hermeneutics,2
Publication bias,2
Merit pay,2
Strategic business unit,2
Resocialization,2
Schism,2
Honor,2
Adaptive learning,2
Access control,2
Community service,2
Classical test theory,2
Digitization,2
Intrusiveness,2
College football,2
Bayesian probability,2
Reality therapy,2
Negative correlation,2
Romance,2
Complexity theory and organizations,2
Risk factor,2
Slovak,2
Self-management,2
Unobservable,2
Financial risk,2
Livelihood,2
Deontic logic,2
Videoconferencing,2
Impulsivity,2
Crowding,2
Tetrad,2
Evaluation methods,2
Arabic,2
Causal chain,2
Table of contents,2
Sexual assault,2
Organizational unit,2
Musculoskeletal pain,2
Business failure,2
Life skills,2
Sensation,2
Information technology audit,2
Job training,2
Industrial society,2
Gender relations,2
Cultural conflict,2
Organizational ecology,2
Data quality,2
Black african,2
Judaism,2
Petroleum,2
Knowledge production,2
Phenomenological method,2
Percentile,2
Enlightenment,2
Pluralistic walkthrough,2
Position paper,2
Townsend,2
Personal distress,2
Relations of production,2
Humanity,2
Reproduction,2
Scapegoat,2
Faith,2
Fantasy,2
Value proposition,2
Face-to-face,2
Betrayal,2
Epworth Sleepiness Scale,2
Sentence,2
Internal communications,2
Stewardship theory,2
Equal employment opportunity,2
Modular design,2
Covariate,2
Framing effect,2
Intellect,2
Census,2
Panel discussion,2
Battlefield,2
Professional standards,2
Abnormal psychology,2
Flight training,2
Technology management,2
Methodological individualism,2
Statistical significance,2
Emotionality,2
Social life,2
Semi-structured interview,2
Group development,2
Digital literacy,2
Gantt chart,2
Adult Learning,2
Knowledge base,2
Flight simulator,2
Roundabout,2
State hospital,2
Hypnosis,2
Desk,2
Human behavior,2
On-the-job training,2
Darwinism,2
Irony,2
mHealth,2
Peer relations,2
Gender discrimination,2
The Renaissance,2
Travel behavior,2
Grievance,2
Dialogical self,2
Eye contact,2
Behaviour modification,2
Obstacle,2
Investor behavior,2
Needs assessment,2
Big Four,2
Navy,2
Capital investment,2
Moral courage,2
Institutional investor,2
Laddering,2
Milgram experiment,2
Gastronomy,2
Horizontal and vertical,2
Journalism,2
Deskilling,2
Protégé,2
Deference,2
Commit,2
Revenue,2
Aviation safety,2
Clinical trial,2
Allostatic load,2
Crowds,2
Incentive program,2
Etiology,2
Combat stress reaction,2
Occupational segregation,2
Strategic thinking,2
Conciliation,2
Chip,2
Historical materialism,2
Activities of daily living,2
Reductionism,2
Drop out,2
Overconfidence effect,2
Ego depletion,2
Gaussian,2
Cultivar,2
Non-response bias,2
Communication skills,2
Good practice,2
Pareto distribution,2
Supply chain management,2
Supply chain,2
Developmental stage theories,2
Futures market,2
Disability discrimination,2
Skills management,2
Futures contract,2
Mind–body problem,2
Industrial production,2
Democratization,2
Nurse Administrator,2
Community college,2
Resource-based view,2
Dependability,2
Performative utterance,2
Enabling,2
Agreement,2
Spelling,2
Emotive,2
Process theory,2
Pediatric psychology,2
Carr,2
Hypocrisy,2
Work force,2
Integrated care,2
Cultural influence,2
Work productivity,2
Successful aging,2
Bibliography,2
Top-down and bottom-up design,2
Scientific field,2
Overprinting,2
Setback,2
Girl,2
Diener,2
Adversary,2
Human Dimension,2
Derailment,2
Boundary-work,2
Autism spectrum disorder,2
Radicalization,2
Front line,2
Offender profiling,2
Fear of negative evaluation,2
Punctuality,2
Experiential knowledge,2
Ethical dilemma,2
Dictator game,2
Ethical standards,2
Sanctions,2
Cultural capital,2
Punitive damages,2
Cognitive therapy,2
Contract theory,2
Displacement (psychology),2
Real estate,2
Telehealth,2
Receipt,2
Supervisory control,2
Contact theory,2
Individualistic culture,2
Cross-cultural studies,2
Government sector,2
Fibromyalgia,2
Global mental health,2
Paternalism,2
Narrative identity,2
Construction site safety,2
Field training,2
Disconnection,2
Electroencephalography,2
DECIPHER,2
Civil rights,2
Social contract,2
Brand awareness,2
Urine,2
Receptor,2
Brief intervention,2
Profit margin,2
Stylized fact,2
Cultural pluralism,2
Opioid,2
Member states,2
Urinalysis,2
Northern ireland,2
Caucus,2
Newspaper,2
Univariate,2
Ascription,2
Deception,2
Trait anxiety,2
Crew resource management,2
Social skills,2
Feminism,2
Intraclass correlation,2
Degree program,2
Contingency table,2
Critical management studies,2
Suicidal ideation,2
Avoidance coping,2
Championship,2
Rebuttal,2
Contact hypothesis,2
Asylum seeker,2
Stakeholder engagement,2
Kingdom,2
Field hockey,2
Gatekeeping,2
Performance-related pay,2
Game theory,2
Financial sector,2
Public security,2
Communication studies,2
Communication theory,2
Professional boundaries,2
Frame of reference,2
Grand Challenges,2
Self-confidence,2
Cognitive restructuring,2
Diagrammatic reasoning,2
Data extraction,2
Psychometrics of racism,2
Anti-racism,2
Enterprise management,2
Digital economy,2
Depressive mood,2
Cohort study,2
Utilitarianism,2
Instructional leadership,2
Chatbot,2
Critical success factor,2
Acute Stress Disorder,2
Surprise,2
Civic virtue,2
Contempt,2
Aerospace,2
Pupil,2
Decentralization,2
Boundary spanning,2
Open access journal,2
Emergency medical services,2
Posttraumatic stress,2
Driving simulator,2
Baby boomers,2
Data sharing,2
Instructional design,2
Community organization,2
Adaptive behavior,2
Social entrepreneurship,2
First line,2
Experimental data,2
Rhetoric,2
Front office,2
Radiation therapy,2
Radiation Therapist,2
Information privacy,2
Futures studies,2
Conceptual design,2
Social hierarchy,2
Basic needs,2
Overwork,2
Incident response,2
Individuation,2
Factorial,2
Blood pressure,2
Misrepresentation,2
Socioemotional selectivity theory,2
Human culture,2
Gender inequality,2
Treatment modality,2
Human capital theory,2
Attention deficit hyperactivity disorder,2
Success factors,2
Track and field athletics,2
Female entrepreneurs,2
Religious organization,2
Survey instrument,2
Citation impact,2
Rubric,2
Annoyance,2
Loudness,2
Transcendental meditation,2
Alertness,2
Medical care,2
Sociology of knowledge,2
Hazardous waste,2
Liberalism,2
Water sector,2
Personal protective equipment,2
Predictive value,2
Telephone survey,2
Electronic mail,2
Constitution,2
Confirmation bias,2
Cockpit,2
Civilization,2
Population ageing,2
Sampling frame,2
The Republic,2
Contract management,2
Improvisation,2
Social engagement,2
Residence,2
Identifier,2
User interface,2
Courtesy,2
Peer pressure,2
Psychomotor learning,2
Wearable technology,2
Bengali,2
Doctrine,2
Developed country,2
Intentionality,2
Cochrane Library,2
Intellectual disability,2
Exemplification,2
Business process,2
Beijing,2
Toolbox,2
Right hemisphere,2
Gender schema theory,2
Transaction cost,2
User innovation,2
Mental representation,2
Interpersonal ties,2
Breastfeeding,2
Gaze,2
Institutional theory,2
Database transaction,2
Habitus,2
Outgroup,2
Organizational space,2
Scientific progress,2
Virtual learning environment,2
Voluntary association,2
Family caregivers,2
Cyberspace,2
Thurstone scale,2
Current Population Survey,2
Collective behavior,2
Ethical egoism,2
Null hypothesis,2
General motors,2
Business practice,2
Brainstorming,2
Apprehension,2
Formality,2
Nonmarket forces,2
Professional studies,2
Consilience,2
Fear of failure,2
Customer relationship management,2
User engagement,2
Self construal,2
Gender pay gap,2
Value judgment,2
Manifesto,2
Situated cognition,2
Expected utility hypothesis,2
Optimism bias,2
Sexualization,2
Sex work,2
Redress,2
Design management,2
Shadow (psychology),2
Password,2
Trade union,2
Temperament and Character Inventory,2
Behavioral therapy,2
Prudence,2
Data visualization,2
Human interaction,2
Road traffic,2
Psychology of religion,2
Impermanence,2
Erikson's stages of psychosocial development,2
Dispute resolution,2
Workbook,2
Self-awareness,2
Decoding methods,2
Fading,2
Overtraining,2
Imitation,2
Repatriation,2
Kinesiology,2
Continuing professional development,2
Implicit knowledge,2
Sri lanka,2
Sustenance,2
Uncertainty reduction theory,2
Implicit-association test,2
Apprenticeship,2
Implicit bias,2
Certificate,2
Digital data,2
Private practice,2
Implicit attitude,2
Business process management,2
Lethality,2
Chronic fatigue,2
Foreign policy,2
Insomnia,2
Knowledge value chain,2
Augmented reality,2
Harmonious Society,2
Lagging,2
Design knowledge,2
Spatial cognition,2
Credential,2
Brand extension,2
Structural change,2
Fencing,2
Musculoskeletal disorder,2
Traffic accident,2
Bond credit rating,1
Civic engagement,1
Mental activity,1
Affection,1
Moral imperative,1
Social choice theory,1
Root cause,1
Deep learning,1
Religious diversity,1
Video game,1
Cyberpsychology,1
Religious discrimination,1
Domain knowledge,1
Meaning-making,1
Uncorrelated,1
Sleep hygiene,1
Young professional,1
Computational sociology,1
Fist,1
Good citizenship,1
Chinese people,1
Cultural group selection,1
Ground level,1
Principle of legality,1
Oracle,1
Turbulence,1
Construction contract,1
Mobile technology,1
Concept learning,1
Taxpayer,1
Tax revenue,1
Double taxation,1
Indirect tax,1
Tax credit,1
Older people,1
Tax evasion,1
Tax reform,1
Government expenditure,1
Age groups,1
Industrial marketing,1
Synchronicity,1
Transition economy,1
Criminal investigation,1
Manual handling,1
Work-related musculoskeletal disorders,1
Community of practice,1
Staff management,1
Dissemination,1
Commercial aviation,1
Mobile device,1
Mobile apps,1
Employer branding,1
Digital culture,1
Work shift,1
Maladaptive coping,1
Guttman scale,1
Rulemaking,1
Product management,1
Psychological control,1
Misattribution of memory,1
Beauty,1
Wish,1
Palliative care,1
Bust,1
Strategic financial management,1
Strategic alignment,1
Resentment,1
Polygraph,1
Chronic stress,1
Neurocognitive,1
Scientific integrity,1
Perceptual psychology,1
Neurophysiology,1
Social status,1
Encephalomyelitis,1
Emotional eating,1
Exacerbation,1
Eating behavior,1
Monopoly,1
Emotional trauma,1
Reporting bias,1
Continuation,1
Care perspective,1
Strategic goal,1
Situated learning,1
Creative work,1
Ideation,1
Innovation process,1
Learning environment,1
Observational methods in psychology,1
Similarity measure,1
"Artificial intelligence, situated approach",1
Single-subject design,1
Severance,1
Beck Depression Inventory,1
Process safety management,1
Work in process,1
Process dynamics,1
Heavy equipment,1
Business risks,1
Negative information,1
Electronic equipment,1
Vagueness,1
Formwork,1
Haptic technology,1
Criminal record,1
Risk management plan,1
Observational learning,1
Learning cycle,1
Online assessment,1
Lie detection,1
Illusion of control,1
Level of consciousness,1
Work zone,1
Academic institution,1
Public university,1
Back pain,1
Chronic pain,1
Scoliosis,1
PDCA,1
Performing arts,1
Supplier relationship management,1
Six Sigma,1
Eliminative materialism,1
Psychomotor vigilance task,1
Financial statement,1
Self-enhancement,1
Expressive Suppression,1
Social stigma,1
Media use,1
Triple bottom line,1
Income Support,1
Endogeneity,1
Clan,1
Audit plan,1
Audit risk,1
Safety standards,1
Overtaking,1
Going concern,1
Fear appeal,1
Jargon,1
Corporate communication,1
Receptivity,1
Convict,1
Spearman's rank correlation coefficient,1
Statistical population,1
Problematization,1
World Values Survey,1
Personally identifiable information,1
Rule of thumb,1
Iterative and incremental development,1
Excessive daytime sleepiness,1
Text corpus,1
Semantic technology,1
Distributional semantics,1
Word2vec,1
Deadly force,1
Air traffic management,1
Successor cardinal,1
Technical change,1
Rate of return,1
Return on investment,1
Automatic summarization,1
Dialogic,1
Analogy,1
Dynamic inconsistency,1
Trier social stress test,1
Activity tracker,1
Dashboard,1
Multimodality,1
Command and control,1
Simultaneity,1
Victimisation,1
Ethics of care,1
Group information management,1
Logit,1
Slippery slope,1
Federal republic,1
Collective efficacy,1
Human communication,1
Demographic change,1
Electronic business,1
Somatic anxiety,1
Propensity score matching,1
Road map,1
Social defeat,1
Reactivity (psychology),1
Sustainable transport,1
Reinterpretation,1
Sex discrimination,1
Affect regulation,1
Attitude,1
General knowledge,1
Group conflict,1
State of art,1
Fire brigade,1
Rework,1
Sustainable energy,1
Kazakh,1
Narrative therapy,1
Mental healthcare,1
Societal impact of nanotechnology,1
Mechatronics,1
Gradient boosting,1
Funnel plot,1
Mining industry,1
Stern,1
Social theory,1
Critical consciousness,1
Wage bargaining,1
Multidisciplinary team,1
Conflict avoidance,1
Contemporary society,1
Managerialism,1
Public opinion,1
Voice,1
Plank,1
Backwardness,1
Banner,1
Business studies,1
Moral psychology,1
Moral character,1
Expediting,1
Depressed mood,1
Human values,1
Value theory,1
Pilotage,1
Transport policy,1
Road accident,1
Dangerous driving,1
Bulgarian,1
Strategic fit,1
Competence-based management,1
Treatment and control groups,1
Closed-ended question,1
Perceived Stress Scale,1
Cognitive complexity,1
Food processing,1
Food security,1
Food insecurity,1
Inertia,1
Aggressive driving,1
Customer experience,1
Autistic spectrum,1
LIDA,1
Tug of war,1
Technological revolution,1
Populism,1
Community studies,1
Autoethnography,1
Community building,1
Decoloniality,1
Causal reasoning,1
Reinforcement learning,1
Industrial robot,1
Inference,1
Crisis communication,1
Public discourse,1
Civil discourse,1
Constructivist teaching methods,1
Clinical governance,1
Safety net,1
Managed care,1
Risk-seeking,1
Ordered logit,1
Fashion industry,1
Invisibility,1
Euclidean distance,1
Snowflake,1
Outlier,1
Competitive athletes,1
Competitive sport,1
Asset turnover,1
Return on assets,1
Macedonian,1
Arousal,1
Construction management,1
Nomogram,1
Ethical theory,1
Respect for persons,1
File Transfer Protocol,1
Physical hazard,1
Accidental,1
Prayer,1
Spiritual care,1
Digital asset management,1
Empirical examination,1
Covariance,1
Food delivery,1
Falsifiability,1
Crowd psychology,1
Placemaking,1
Sharing economy,1
Ethical responsibility,1
Fault tolerance,1
Electronic markets,1
Capital expenditure,1
Political socialization,1
Business development,1
Compensating differential,1
Karma,1
Information asymmetry,1
Government Office,1
Shoulders,1
Sensory processing,1
Contrarian,1
Interpersonal perception,1
Fire safety,1
Contextual design,1
Dispute mechanism,1
Pythagorean theorem,1
Formal organization,1
Online dispute resolution,1
Alternative dispute resolution,1
Party-directed mediation,1
Sobel test,1
Hawthorne effect,1
Legal norm,1
Efficient energy use,1
Transformative mediation,1
Action plan,1
Forgetting,1
Black male,1
Item bank,1
Core Knowledge,1
Journal editor,1
Participatory evaluation,1
Bounded function,1
Evidential reasoning approach,1
Civil affairs,1
Boycott,1
Agency cost,1
Utility theory,1
Stock options,1
Workforce management,1
First responder,1
Homeland security,1
Collaborative design,1
British Household Panel Survey,1
Intimate partner,1
Scenario planning,1
Group structure,1
Professional responsibility,1
Emic and etic,1
Shareholder,1
Ambiguity tolerance,1
Financial institution,1
Security awareness,1
Reflective writing,1
Retirement community,1
Mode choice,1
Multicenter study,1
Culture theory,1
Embedding,1
Co-creation,1
Artificial psychology,1
Remote control,1
Comparative method,1
Comparative case,1
Relational database,1
Middle Eastern Mental Health Issues & Syndromes,1
Supporter,1
Bricolage,1
Wishful thinking,1
Causal inference,1
Randomized experiment,1
Service personnel,1
Trophy,1
Total factor productivity,1
Syntax,1
Tower,1
Tower crane,1
Built environment,1
Service oriented,1
Character development,1
Archivist,1
Delicacy,1
Summit,1
Public management,1
Determinism,1
Transhumanism,1
Posthumanism,1
Environmental Sustainability Index,1
Latent Dirichlet allocation,1
Doctoral studies,1
Design elements and principles,1
Pairwise comparison,1
Schematic,1
Legal liability,1
Public hospital,1
Polynomial regression,1
Environmental governance,1
Perfectionism (psychology),1
Hygiene,1
Upload,1
Cognitivism (psychology),1
Constructive criticism,1
Intellectualization,1
Abstraction,1
Knowledge creation,1
Upper echelons,1
Betaproteobacteria,1
DASS,1
General interest,1
Thesaurus,1
Aero engine,1
Online analytical processing,1
Digital mapping,1
Service management,1
Environmental policy,1
Object relations theory,1
Social structure,1
Reasonable accommodation,1
Reimbursement,1
R-CAST,1
Possible world,1
Virtual world,1
Ostensive definition,1
Marketing and artificial intelligence,1
Electronic banking,1
Implementation,1
Intrusion,1
Hedonism,1
Sustainable business,1
Emotion classification,1
Emotion recognition,1
Need to know,1
Challenging behaviour,1
Natural sounds,1
Paired comparison,1
Mean difference,1
Attentional control,1
Stimulus control,1
Distributed leadership,1
Social representation,1
Subsidy,1
Alexithymia,1
Netnography,1
Social competence,1
Freedom of choice,1
Insanity,1
Dialectical materialism,1
Scientific development,1
General hospital,1
Historiography,1
Social movement,1
Naturalization,1
Informal sector,1
Nonconformity,1
Saccade,1
Social robot,1
Tact,1
Great recession,1
Sleep onset latency,1
Sleep loss,1
Death anxiety,1
Academic dishonesty,1
Parent training,1
Think aloud protocol,1
Peer evaluation,1
Vital signs,1
Mallinckrodt,1
Sentence completion tests,1
Loevinger's stages of ego development,1
Ethnic culture,1
Self-acceptance,1
Hyperlink,1
Mission statement,1
Social consciousness,1
Cousin,1
Talent development,1
Western culture,1
Intensive care unit,1
Artificiality,1
Virtue ethics,1
Humanitarian aid,1
Classification of discontinuities,1
Distribution center,1
Directive,1
Face perception,1
Political correctness,1
Alterity,1
Irish,1
Public transport,1
Participatory design,1
Sedentary behavior,1
Social withdrawal,1
Typing,1
Varimax rotation,1
Iraq war,1
Media coverage,1
Nuisance,1
Orality,1
Physical illness,1
Professional services,1
HERO,1
Insolvency,1
Grice,1
Pragmatics,1
Hickey,1
Longitudinal sample,1
Legal profession,1
Interpersonal influence,1
Inductive reasoning,1
Genius,1
Magnet,1
Discriminant,1
Magnetic reluctance,1
Visibility,1
A priori and a posteriori,1
Inductive method,1
Downtime,1
Idle,1
Disaster recovery,1
Debris,1
Fetal alcohol,1
Fetal Alcohol Spectrum Disorder,1
Concordance,1
Entry Level,1
Personal account,1
Asynchronous communication,1
Personal information management,1
Wife,1
Hybridity,1
Brother,1
Sister,1
Welfare state,1
Information center,1
Commons,1
Gold coast,1
Profit sharing,1
Appropriation,1
Adjective check list,1
Vetting,1
Pathfinder,1
Accident insurance,1
Hinduism,1
Missing data,1
Synchronous learning,1
Knowledge survey,1
Asynchronous learning,1
Summative assessment,1
Impartiality,1
Hermeneutic phenomenology,1
Ideal point,1
Code of practice,1
Humanoid robot,1
Grassroots,1
Terror management theory,1
Mortality salience,1
Cognitive flexibility,1
Loan,1
Gene expression,1
Psychological repression,1
Rules of engagement,1
Governmentality,1
Meal,1
Corollary,1
Emotional disorder,1
Vendor,1
Self-realization,1
Caste,1
Variable cost,1
Japanese studies,1
Japanese culture,1
Self-organization,1
Self organisation,1
Slump,1
Reversing,1
False positive rate,1
Proxemics,1
Kinesics,1
False positive paradox,1
Galaxy,1
Halo effect,1
Halo,1
Demise,1
Gender equality,1
Gender mainstreaming,1
Mainstreaming,1
Peer mentoring,1
Haven,1
Rappaport,1
Life expectancy,1
Scaffold,1
Exoskeleton,1
Cement,1
Support vector machine,1
Black culture,1
Percentile rank,1
Persona,1
Detector,1
Semantic similarity,1
Sales management,1
Disappointment,1
Psychological trauma,1
Clinical social work,1
Escalation of commitment,1
Sunk costs,1
Déjà vu,1
Air traffic controller,1
Hopefulness,1
Pilgrimage,1
Presupposition,1
African culture,1
Classroom climate,1
Product category,1
Product type,1
Afghan,1
New guinea,1
Soundness,1
Amnesty,1
Smart manufacturing,1
Limited English proficiency,1
Nice,1
Sexual violence,1
Social control,1
Semiotics,1
Praise,1
Social sector,1
Submarine pipeline,1
Offshore oil and gas,1
Regret,1
Sierra leone,1
Information quality,1
Honour,1
Racial bias,1
Insider threat,1
Substance use,1
Sadness,1
Negative mood,1
Self psychology,1
Art therapy,1
Chronotype,1
Dialog box,1
Frame work,1
Publicity,1
Social activism,1
Threatened species,1
Habitat,1
Hearing aid,1
Avatar,1
Germination,1
Theory of multiple intelligences,1
Youth studies,1
Indian subcontinent,1
Xenophobia,1
Gross margin,1
Chinese americans,1
Attention deficit,1
Negation,1
Medical profession,1
Identity change,1
Medical information,1
Privacy policy,1
Natural disaster,1
Serodiscordant,1
Antiretroviral therapy,1
Cyber bullying,1
Two-alternative forced choice,1
Autocracy,1
Mind-wandering,1
Services marketing,1
Peacebuilding,1
Emerald,1
Ecological succession,1
Test theory,1
Blind spot,1
Franchise,1
Cuboid,1
Millennium Development Goals,1
Substance abuse treatment,1
Substance dependence,1
Corporal punishment,1
Social anxiety,1
Insourcing,1
Transphobia,1
Event-related potential,1
Anagram,1
Interactionism,1
Expressed emotion,1
Viral load,1
Conduct disorder,1
Unemployment rate,1
Herd behavior,1
Stochastic game,1
Overweight,1
Generosity,1
Herding,1
Uses and gratifications theory,1
Instant messaging,1
New media,1
Microblogging,1
Ephemeral key,1
Abductive reasoning,1
Standardized test,1
Gender gap,1
Achievement test,1
Social enterprise,1
Start up,1
Breakup,1
Underwater,1
Adverse Childhood Experiences,1
Pupillometry,1
Naturalness,1
Common core,1
Quantum,1
Security policy,1
Cooperative game theory,1
Fuzzy measure theory,1
Internet users,1
Women entrepreneurs,1
Antisocial personality disorder,1
Transplantation,1
Organ donation,1
Critical reflection,1
Marketing management,1
Relationship marketing,1
Universal precautions,1
Asia pacific,1
Activity-based costing,1
Problem of universals,1
Hearing protection,1
Magnetic field,1
Family member,1
Self-fulfilling prophecy,1
Astrology,1
Prospective cohort study,1
Differential effects,1
Sociology of sport,1
Argumentation theory,1
Morning,1
Face negotiation theory,1
Biological sex,1
Antibody,1
Toxoplasma gondii,1
Anonymity,1
Foreign born,1
Design technology,1
Cohort effect,1
Communication source,1
Arbitrariness,1
State-Trait Anxiety Inventory,1
Multiplicative function,1
Peer victimization,1
Hiv test,1
Exhibitionism,1
Local independence,1
User-centered design,1
Notional amount,1
Alcohol consumption,1
Jurisdiction,1
Political violence,1
Political ecology,1
Environmentalism,1
International relations,1
Ice hockey,1
Source credibility,1
Concreteness,1
Peaceful coexistence,1
Sexual relationship,1
Functional organization,1
Strategic design,1
Youth sports,1
Low and middle income countries,1
Interface design,1
Physical fitness,1
Brand management,1
Brand preference,1
Youth work,1
Free riding,1
Experiential avoidance,1
National Comorbidity Survey,1
CIDI,1
Delphi,1
Interclass correlation,1
Finkelstein's test,1
Basic income,1
Network structure,1
Network formation,1
Authorization,1
Dementia,1
Elevator,1
3D printing,1
Polity,1
Path coefficient,1
Fundamental rights,1
Cultural rights,1
Borderline personality disorder,1
Dialectical behavior therapy,1
Exhibition,1
Relaxation (psychology),1
Caregiver stress,1
Psychographic,1
Panel survey,1
Part-time employment,1
Aotearoa,1
Social unrest,1
Secrecy,1
Grief,1
Insurance industry,1
East Asia,1
Relapse prevention,1
Curvilinear coordinates,1
Shrinkage,1
Inventory turnover,1
Refugee crisis,1
Mediterranean climate,1
Scientific misconduct,1
Information seeking,1
Resting state fMRI,1
False discovery rate,1
Illness behavior,1
Bottleneck,1
Library management,1
Civil aviation,1
Teleology,1
Countermeasure,1
Control room,1
Nuclear power,1
Monitoring and control,1
Precondition,1
Calmness,1
NonStop,1
Socialist market economy,1
Planned economy,1
Early childhood,1
Environmental justice,1
Mine safety,1
Common sense,1
Contemplation,1
Peasant,1
Eating disorders,1
Sick role,1
Group psychotherapy,1
Enterprise risk management,1
First world war,1
Starter,1
Obituary,1
Operant conditioning,1
Child care,1
Curiosity,1
Communication apprehension,1
Anger management,1
Austerity,1
Shire,1
Fraternity,1
Somali,1
Conservatism,1
Mindfulness meditation,1
Sociological theory,1
Critical thinking,1
Core curriculum,1
Prism,1
Meta-regression,1
Bioethics,1
Tweaking,1
Respite care,1
Charter,1
Involuntary unemployment,1
Community work,1
Unison,1
Karl popper,1
Recombinant DNA,1
Stroop effect,1
Mace,1
Conventional PCI,1
Myocardial infarction,1
Undo,1
Canonical correlation,1
Decision problem,1
Efficiency wage,1
Solver,1
Problem solver,1
Homeland,1
Scapegoating,1
Ingredient,1
Multiple disabilities,1
Recreation,1
White supremacy,1
Position statement,1
Problem statement,1
Credence,1
Insurgency,1
SAINT,1
Social conflict,1
Ethnic conflict,1
Bellows,1
Vice president,1
Weight loss,1
Medical tourism,1
Post-industrial society,1
Taste,1
Yesterday,1
Torture,1
Urbanization,1
Defence mechanisms,1
Croatian,1
Parenting styles,1
Straddle,1
Regulatory agency,1
Annotated bibliography,1
Control variable,1
Snow,1
Sick child,1
Decree,1
Emperor,1
Working mother,1
Childhood abuse,1
Typeface,1
Maritime safety,1
Future orientation,1
Resource allocation,1
Fibromyalgia syndrome,1
Recidivism,1
Design thinking,1
Work flow,1
Holy Grail,1
Holography,1
Premises,1
Narrative criticism,1
Records management,1
Battle,1
Opioid overdose,1
Gold medal,1
Demographic profile,1
Medical diagnosis,1
Willingness to pay,1
Contingent valuation,1
Neurasthenia,1
Mire,1
Peat,1
Medical decision making,1
Laissez-faire,1
Constellation,1
Service level,1
Behavior change methods,1
Sense of community,1
Broaching,1
General theory,1
Business enterprise,1
Digital firm,1
Freight trains,1
Test anxiety,1
Factoring,1
Multilingualism,1
Pharmaceutical industry,1
Eudaimonia,1
White-collar crime,1
Financial security,1
Contingency plan,1
Clinical audit,1
ANT,1
Suggestibility,1
Freedman,1
Hymenoptera,1
Perfection,1
Racial diversity,1
Attributive,1
Unstructured data,1
Ethnocentrism,1
Multicollinearity,1
Plenary session,1
Frequently asked questions,1
Holism,1
Readability,1
Appeal to emotion,1
Editor in chief,1
Transdisciplinarity,1
Post graduate,1
Public interest,1
Empirical psychology,1
Columbia university,1
Red Army's tactics in World War II,1
Instrumental variable,1
Black box,1
Offshoring,1
Bargaining power,1
Short course,1
Neuroimaging,1
Genome,1
Genomics,1
Statistical genetics,1
Cultural studies,1
Labor disputes,1
Launched,1
Blindness,1
Dura mater,1
Alma mater,1
Directory,1
Executive director,1
Internal stress,1
Aphasia,1
Food distribution,1
Adult learner,1
Corrective feedback,1
Stage theory,1
Tel aviv,1
Interrupt,1
Universalization,1
Indigenization,1
Adverse effect,1
Ingenuity,1
Unpaid work,1
Black women,1
Brain function,1
Lateralization of brain function,1
Laterality,1
Graphics,1
Subliminal stimuli,1
Global citizenship,1
Anesthesiology,1
Grid,1
Magic bullet,1
Adult male,1
Psychological evaluation,1
State police,1
Theory of criminal justice,1
Laziness,1
Marine transgression,1
Structural basin,1
Amotivation,1
Low wage,1
Attention deficit disorder,1
Type I and type II errors,1
Eclecticism,1
Aside,1
Dar es salaam,1
Weibull distribution,1
Test data,1
Test plan,1
DEPT,1
Emotional security,1
Singularity,1
Patrolling,1
Misnomer,1
Adjudication,1
Structure and agency,1
Sociometry,1
License,1
Verbal aggression,1
Consciousness raising,1
Igbo,1
Capital city,1
Temptation,1
Standard deviation,1
Electronic communication,1
Active duty,1
Wilderness,1
Inventory management,1
Retail trade,1
Yoruba,1
Bachelor degree,1
Androgyny,1
Tertiary level,1
Mosaic,1
Assertive community treatment,1
Ivory tower,1
General aviation,1
Morita therapy,1
Neurosis,1
Service member,1
Pension,1
Customer retention,1
Portrait,1
Conflict resolution strategy,1
Managing change,1
Bayesian network,1
Program management,1
Extreme project management,1
Project planning,1
Project stakeholder,1
Project risk management,1
Project charter,1
Apathy,1
Projective identification,1
Adjunct,1
Seriousness,1
Relative value,1
Code of conduct,1
Peer influence,1
Personalism,1
Public servant,1
Privacy rights,1
Hemodialysis,1
Learning disabled,1
Joint audit,1
Developmental age,1
Industrial technology,1
Excursion,1
Contingency management,1
Mexican americans,1
Performance art,1
Political change,1
Pacific Rim,1
Social norms approach,1
Peer acceptance,1
Dominion,1
Contemporary theory,1
Abstinence,1
Speculation,1
Smoking cessation,1
Organism,1
Addictive behavior,1
Overeating,1
Communication skills training,1
Procurement,1
Active labour market policies,1
Flexicurity,1
Deregulation,1
European community,1
Disenchantment,1
Institutional racism,1
Mental capacity,1
Mentally ill,1
Medical unit,1
Armed conflict,1
Anxiety states,1
Sexual identity,1
National Longitudinal Surveys,1
Childbirth,1
Maternity leave,1
Property rights,1
Eye movement,1
Permissive,1
Mores,1
CITES,1
Pacific islanders,1
Raw data,1
Deterritorialization,1
Counterfactual conditional,1
Catering industry,1
Natural selection,1
Hegemony,1
Digital library,1
Brochure,1
Pathogenesis,1
Stratum,1
Time perception,1
Gross domestic product,1
Plaintiff,1
Self-image,1
Gratification,1
Scientific method,1
Polling,1
Offspring,1
Face-to-face interaction,1
Harmonization,1
Flood myth,1
Zeitgeist,1
Atlanta,1
Practice theory,1
Data aggregator,1
Latvian,1
Wireless sensor network,1
Callback,1
Technocracy,1
Industrial civilization,1
Speed skating,1
Sweet spot,1
Metropolitan police,1
Sensitivity training,1
Academic year,1
Sexual intercourse,1
Wechsler Adult Intelligence Scale,1
Fight-or-flight response,1
Residual,1
Guan,1
Sketch,1
Clinical neuropsychology,1
Turn-taking,1
